{
  "hash": "296872bf",
  "configHash": "bd7509f7",
  "lockfileHash": "08b85cd5",
  "browserHash": "e38878b8",
  "optimized": {
    "@angular/common": {
      "src": "../../../../../node_modules/@angular/common/fesm2022/common.mjs",
      "file": "@angular_common.js",
      "fileHash": "0a57f35f",
      "needsInterop": false
    },
    "@angular/common/http": {
      "src": "../../../../../node_modules/@angular/common/fesm2022/http.mjs",
      "file": "@angular_common_http.js",
      "fileHash": "a1619447",
      "needsInterop": false
    },
    "@angular/core": {
      "src": "../../../../../node_modules/@angular/core/fesm2022/core.mjs",
      "file": "@angular_core.js",
      "fileHash": "7717d130",
      "needsInterop": false
    },
    "@angular/forms": {
      "src": "../../../../../node_modules/@angular/forms/fesm2022/forms.mjs",
      "file": "@angular_forms.js",
      "fileHash": "f1815324",
      "needsInterop": false
    },
    "@angular/platform-browser": {
      "src": "../../../../../node_modules/@angular/platform-browser/fesm2022/platform-browser.mjs",
      "file": "@angular_platform-browser.js",
      "fileHash": "9be69562",
      "needsInterop": false
    },
    "@angular/router": {
      "src": "../../../../../node_modules/@angular/router/fesm2022/router.mjs",
      "file": "@angular_router.js",
      "fileHash": "56117d98",
      "needsInterop": false
    },
    "jwt-decode": {
      "src": "../../../../../node_modules/jwt-decode/build/jwt-decode.esm.js",
      "file": "jwt-decode.js",
      "fileHash": "57d00d52",
      "needsInterop": false
    },
    "rxjs/operators": {
      "src": "../../../../../node_modules/rxjs/dist/esm5/operators/index.js",
      "file": "rxjs_operators.js",
      "fileHash": "aa7adaca",
      "needsInterop": false
    }
  },
  "chunks": {
    "chunk-5H5A24NG": {
      "file": "chunk-5H5A24NG.js"
    },
    "chunk-RSQX2RKD": {
      "file": "chunk-RSQX2RKD.js"
    },
    "chunk-5G4B6MYT": {
      "file": "chunk-5G4B6MYT.js"
    },
    "chunk-U7BY5WW6": {
      "file": "chunk-U7BY5WW6.js"
    },
    "chunk-47F37AKG": {
      "file": "chunk-47F37AKG.js"
    },
    "chunk-J4B6MK7R": {
      "file": "chunk-J4B6MK7R.js"
    }
  }
}